day_of_week,rows,mae,rmse,avg_actual,avg_prediction
0,464,4.188439811112908,6.3316948824371675,24.70258620689655,25.47440480159379
1,324,8.63305192164797,13.107050955755737,58.148148148148145,56.856743688712626
2,528,6.716907731024288,9.521757283905362,46.08901515151515,47.110403067806786
3,510,7.665436679336878,11.233591779285401,52.15686274509804,52.98284653556634
4,527,6.245058990789594,9.313395202531709,40.14990512333966,41.95762385094971
5,527,7.295917870363502,10.100542649778692,47.9146110056926,47.64535897805722
6,448,5.669935858213746,8.277437851382038,41.129464285714285,41.68822725718839
